CustomerId,FirstName,LastName,RockTotalSpent
10,Eduardo,Martins,28.709999999999983
29,Robert,Brown,24.74999999999999
55,Mark,Taylor,21.779999999999994
50,Enrique,Muñoz,21.779999999999994
49,Stanisław,Wójcik,21.779999999999994
38,Niklas,Schröder,20.789999999999996
9,Kara,Nielsen,20.789999999999996
8,Daan,Peeters,20.789999999999996
33,Ellie,Sullivan,18.81
30,Edward,Francis,18.81
